riga	query_id	doc_id	grado	nota	secondi	cambiato
1	c03	doc-0177	2		30.7	
2	c03	doc-0949	1		2.6	
3	c03	doc-0965	0		5.1	
4	c03	doc-10004	2		5.1	
5	c03	doc-1028	0		2.5	
6	c03	doc-1034	0		2.3	
7	c03	doc-1051	0		8.7	
8	c03	doc-1069	0		2.1	
9	c03	doc-1077	0		5.3	
10	c03	doc-1080	0		3.9	sì
11	c03	doc-1081	0		15.9	
12	c03	doc-1082	0		2.5	
13	c03	doc-1103	1		8.8	
14	c03	doc-1109	0		48.2	
15	c03	doc-1169	2		4.2	
16	c03	doc-1181	2		3.8	
17	c03	doc-1221	1		5.2	
18	c03	doc-1273	0		6.1000000000000005	sì
19	c03	doc-1278	0		5.6	
20	c03	doc-1289	0		3.7	
21	c03	doc-1298	0		4.5	
22	c03	doc-1320	0		3.4	
23	c03	doc-1357	1		4.1	
24	c03	doc-1358	1		10.3	
25	c03	doc-1360	2		3.4	
26	c03	doc-1361	2		10.7	
27	c03	doc-1446	2		8.7	sì
28	c03	doc-1447	1		11	
29	c03	doc-1456	2		3.5	
30	c03	doc-2261	0		4.2	
31	c03	doc-2273	2		2.5	
32	c03	doc-2389	0		5.9	
33	c03	doc-2405	0		5.2	
34	c03	doc-2629	2		4	
35	c03	doc-3247	2		0.8	
36	c03	doc-4212	1		4	
37	c03	doc-5080	2		1.3	
38	c03	doc-5934	0		8.4	
39	c03	doc-5994	0		2	
40	c03	doc-7794	2		6.799999999999999	sì
41	c03	doc-8319	1		10.1	
42	c03	doc-8501	0		2.1	
43	c03	doc-8881	2		4	
44	c03	doc-9813	1		1.8	
45	c10	doc-0073	2		6.9	sì
46	c10	doc-0241	0		2.3	
47	c10	doc-0401	0		6	
48	c10	doc-10040	2		2.9	
49	c10	doc-1773	2		2	
50	c10	doc-1919	1		10.2	
51	c10	doc-1994	2		4.7	
52	c10	doc-2023	0		3.2	
53	c10	doc-2111	2		6.5	
54	c10	doc-2155	2		7.4	
55	c10	doc-2635	2		2.5	
56	c10	doc-2985	1		18.3	
57	c10	doc-3023	2		3.3	
58	c10	doc-3549	0		5.9	sì
59	c10	doc-3847	0		2.3	
60	c10	doc-4005	0		5.6	
61	c10	doc-4622	1		9.4	
62	c10	doc-5035	0		10.5	
63	c10	doc-5643	0		1.6	
64	c10	doc-5679	1		3.1	
65	c10	doc-5833	0		4.6	
66	c10	doc-6050	0		2.7	
67	c10	doc-6395	1		2.8	
68	c10	doc-6415	0		4	
69	c10	doc-6937	0		2.4	
70	c10	doc-7278	1		2.1	
71	c10	doc-7371	2		2.3	
72	c10	doc-9405	0		1.6	
73	c10	doc-9658	2		2.6	
74	c10	doc-9686	0		6.1	
75	c19	doc-0002	2		26.7	
76	c19	doc-0003	1		7.6000000000000005	sì
77	c19	doc-0009	1		2.8	
78	c19	doc-0010	1		0.9	
79	c19	doc-0011	1		0.4	
80	c19	doc-0012	1		0.4	
81	c19	doc-0013	1		0.7	
82	c19	doc-0015	1		4.2	
83	c19	doc-0016	1		1.3	
84	c19	doc-0019	0		1.9	
85	c19	doc-0033	1	Parziale perchè è un numero simile	3.8	
86	c19	doc-0072	1		0.8	
87	c19	doc-0162	0		4.9	
88	c19	doc-0280	0		1.4	
89	c19	doc-0329	0		1	
90	c19	doc-1872	0		1.6	
91	c19	doc-2060	0		4.6	
92	c19	doc-2061	0		0.6	
93	c19	doc-2897	0		3.3	
94	c19	doc-2959	0		10.4	
95	c19	doc-3043	0		3.1	
96	c19	doc-3166	0		1.8	
97	c19	doc-3255	0		1.1	
98	c19	doc-3776	0		2.4	
99	c19	doc-4305	0		1.3	
100	c19	doc-4328	0		2.5	
101	c19	doc-4329	0		0.6	
102	c19	doc-4330	0		0.6	
103	c19	doc-4331	0		0.5	
104	c19	doc-4339	0		0.4	
105	c19	doc-4340	0		0.7	
106	c19	doc-4777	0		1.6	
107	c19	doc-5202	0		1	
108	c19	doc-5203	0		0.5	
109	c19	doc-5215	0		1.5	
110	c19	doc-5526	0		4.5	
111	c19	doc-5797	0		1.8	
112	c19	doc-5827	0		1.3	
113	c19	doc-6312	0		2.6	
114	c19	doc-7110	0		1.9	
115	c19	doc-7184	0		0.9	
116	c19	doc-7828	0		0.7	
117	c19	doc-8038	0		11.7	
118	c19	doc-8234	0		1.8	
119	c19	doc-8312	0		2	
120	c19	doc-8415	0		0.7	
121	c19	doc-8640	0		0.7	
122	c19	doc-9174	0		4.8	
123	c19	doc-9243	0		2.5	
124	c19	doc-9894	0		1.5	
125	c21	doc-0150	1		9.5	sì
126	c21	doc-0154	0		1.5	
127	c21	doc-0255	1		3.5	
128	c21	doc-0256	2		1	
129	c21	doc-0288	1		5.4	
130	c21	doc-0299	0		5.6	
131	c21	doc-0321	2		6.4	
132	c21	doc-0357	2		4.4	
133	c21	doc-0379	2		0.9	
134	c21	doc-0468	1		2.6	
135	c21	doc-0532	1		2.2	
136	c21	doc-0615	0		3.6	
137	c21	doc-0763	1		2.1	
138	c21	doc-0795	0		3.3	
139	c21	doc-0803	0		2	
140	c21	doc-1022	1		4.7	
141	c21	doc-1079	1		4.3	
142	c21	doc-1113	2		24.3	
143	c21	doc-1122	2		3.6	
144	c21	doc-1308	2		1.6	
145	c21	doc-1321	2		2.5	
146	c21	doc-1349	2		2.6	
147	c21	doc-1353	2		13.3	
148	c21	doc-1355	2		2.4	
149	c21	doc-1368	2		1.2	
150	c21	doc-1381	2		0.7	
151	c21	doc-1396	2		0.6	
152	c21	doc-1401	2		0.7	
153	c21	doc-1611	2		78.6	
154	c21	doc-2351	1		3	
155	c21	doc-3170	2		2.6	
156	c21	doc-3271	1		2.1	
157	c21	doc-3272	1		2.1	
158	c21	doc-3515	2		1.2	
159	c21	doc-3578	2		1.3	
160	c21	doc-4106	2		1.1	
161	c21	doc-4232	2		1.5	
162	c21	doc-4697	1		1.4	
163	c21	doc-4894	2		1.4	
164	c21	doc-4919	1		2.3	
165	c21	doc-5193	1		0.8	
166	c21	doc-5493	0		3.9	
167	c21	doc-5868	0		2.4	
168	c21	doc-6600	1		1.4	
169	c21	doc-6741	1		4.7	
170	c21	doc-7077	1		1.2	
171	c21	doc-7256	2		2.5	
172	c21	doc-7377	1		1.3	
173	c21	doc-7788	1		2.6999999999999997	sì
174	c21	doc-7789	1		0.2	
175	c21	doc-7813	2		1.6	sì
176	c21	doc-8168	2		0.2	
177	c21	doc-9029	1		1.6	
178	c21	doc-9985	1		1.6	
