riga	query_id	doc_id	grado	nota
1	c01	doc-0002	2	Determina a contrarre e impegno per noleggio auto a lungo termine
2	c01	doc-0099	1	Acconto su revamping videosorveglianza in noleggio operativo; dubbio fra 1 e 2
3	c01	doc-0229	2	Liquidazione canone di noleggio di due dispositivi mobili
4	c01	doc-0312	2	Affidamento e impegno per noleggio di un mezzo di servizio
5	c01	doc-0354	2	Adesione Consip e impegno per noleggio auto di servizio
6	c01	doc-0415	2	Liquidazione canone noleggio fotocopiatori multifunzione
7	c01	doc-1650	2	Affidamento e impegno per noleggio attrezzature cimiteriali
8	c01	doc-1748	2	Liquidazione noleggio strumentazione, atto dedicato al solo noleggio
9	c01	doc-2368	2	Rinnovo noleggio stampante con impegno di spesa
10	c01	doc-2390	2	Affidamento e impegno per noleggio fotocopiatori
11	c01	doc-2394	2	Liquidazione noleggio bagni chimici per eventi
12	c01	doc-2439	1	Liquida solo il trasporto legato al noleggio di un gruppo elettrogeno
13	c01	doc-2541	0	Servizio rifiuti in house, noleggio contenitori è solo una voce
14	c01	doc-2697	1	Noleggio autobus con autista: servizio di trasporto più che bene
15	c01	doc-2737	2	Affidamento noleggio carriola motorizzata
16	c01	doc-2786	2	Liquidazione noleggio fotocopiatore per gli uffici
17	c01	doc-2793	2	Noleggio bagni chimici per una manifestazione
18	c01	doc-3722	1	Noleggio imbarcazioni con conducente: servizio più che bene
19	c01	doc-4405	1	Noleggio mezzo con conducente per escursione: servizio di trasporto
20	c01	doc-5021	2	Liquidazione noleggio stampanti multifunzione Consip
21	c01	doc-5207	2	Liquidazione noleggio fotocopiatori multifunzione
22	c01	doc-6403	1	Noleggio elicottero per trasporto materiale: servizio più che bene
23	c01	doc-6665	2	Liquidazione noleggio generatori, mezzi e macchine operative
24	c01	doc-7116	2	Liquidazione noleggio macchina multifunzione Consip
25	c01	doc-7125	2	Liquidazione noleggio piattaforma autocarrata
26	c01	doc-7227	2	Impegno per noleggio attrezzature, atto dedicato al noleggio
27	c01	doc-8090	2	Liquidazione noleggio attrezzatura con fornitura di materiale
28	c01	doc-8266	1	Noleggio scuolabus con conducente: servizio di trasporto più che bene
29	c01	doc-8716	1	Noleggio pullman con autista: servizio di trasporto più che bene
30	c01	doc-9881	0	Bando per licenze di noleggio con conducente, il comune non noleggia
31	c02	doc-0255	1	liquidazione di una fattura di materiale per manutenzione strade
32	c02	doc-0288	1	liquidazione primo SAL di uno stralcio su strade e marciapiedi
33	c02	doc-0357	2	affidamento fornitura materiale per manutenzione strade e marciapiedi comunali
34	c02	doc-0379	1	liquidazione di una fattura di materiale per manutenzione strade
35	c02	doc-0532	1	liquidazione di una fattura di materiale per manutenzione strade
36	c02	doc-0616	1	ordinanza di viabilità per lavori sulle barriere, strade regionali
37	c02	doc-0644	1	ordinanza di viabilità per lavori sulle barriere, strade regionali
38	c02	doc-0645	1	ordinanza di viabilità per lavori sulle barriere, strade regionali
39	c02	doc-0646	1	ordinanza di viabilità per lavori sulle barriere, strade regionali
40	c02	doc-0788	1	ripartizione contributi per manutenzione strade comunali, non dispone lavori
41	c02	doc-0802	0	avviso sul taglio della vegetazione, non lavori stradali; nel dubbio 0
42	c02	doc-1079	1	avviso ai creditori per ribitumature su strade regionali
43	c02	doc-1113	1	avviso ai creditori per ribitumature su strade regionali
44	c02	doc-1122	1	avviso ai creditori per ribitumature su strade regionali
45	c02	doc-1308	1	avviso ai creditori per asfaltature su strade regionali
46	c02	doc-1321	0	manutenzione di una ciclovia, non di strade; nel dubbio 0
47	c02	doc-1349	1	avviso ai creditori per manutenzione strade regionali
48	c02	doc-1353	1	avviso ai creditori per manutenzione strade regionali
49	c02	doc-1355	1	avviso ai creditori per manutenzione strade regionali
50	c02	doc-1368	1	avviso ai creditori per manutenzione strade regionali
51	c02	doc-1381	1	avviso ai creditori per manutenzione strade regionali
52	c02	doc-1396	1	avviso ai creditori per manutenzione strade regionali
53	c02	doc-1401	1	avviso ai creditori per manutenzione strade regionali
54	c02	doc-1611	1	avviso ai creditori per manutenzione strade regionali
55	c02	doc-2351	2	approva la regolare esecuzione della manutenzione segnaletica stradale
56	c02	doc-3412	0	manutenzione del verde, non della strada; nel dubbio 0
57	c02	doc-3515	2	affidamento lavori di manutenzione straordinaria strade comunali
58	c02	doc-3908	1	ordinanza di viabilità per lavori sulla segnaletica orizzontale
59	c02	doc-4106	2	approvazione progetto esecutivo manutenzione straordinaria strade comunali
60	c02	doc-4232	2	integrazione impegno per lavori di manutenzione strade comunali
61	c02	doc-4592	0	sfalcio dei cigli, verde più che strada; nel dubbio 0
62	c02	doc-4606	0	ordinanza per lavori sulla rete idrica, non stradali
63	c02	doc-4894	1	proroga ordinanza di viabilità per lavori stradali
64	c02	doc-4919	2	affidamento manutenzione strade bianche comunali
65	c02	doc-5897	2	affidamento lavori straordinari su strade comunali
66	c02	doc-6741	1	liquidazione acquisto materiale per manutenzione strade
67	c02	doc-7256	2	affidamento appalto manutenzione straordinaria strade comunali
68	c02	doc-7377	2	affidamento lavori di manutenzione strade comunali
69	c02	doc-7813	1	ordinanza di viabilità per manutenzione straordinaria strade
70	c02	doc-7924	1	liquidazione fattura conglomerati per manutenzione strade
71	c02	doc-8168	1	liquidazione lavori su strade sterrate comunali
72	c02	doc-8204	1	liquidazione fattura di un intervento su strade comunali
73	c03	doc-0177	2	Indizione concorso e approvazione bando per istruttori tecnici
74	c03	doc-0949	0	Concorso per borse di studio, non assunzione di personale
75	c03	doc-0965	0	Contributi per libri di testo, nessuna selezione di personale
76	c03	doc-10004	2	Graduatoria di concorso pubblico per funzionari tecnici
77	c03	doc-1028	0	Concorso a premi ambientali, escluso dal bisogno
78	c03	doc-1034	0	Concorso a premi ambientali, escluso dal bisogno
79	c03	doc-1051	0	Premi di un'associazione ambientalista, non selezione di personale
80	c03	doc-1069	0	Concorso a premio ambientale, escluso dal bisogno
81	c03	doc-1077	0	Bando per assegnazione alloggi ERP, non assunzione
82	c03	doc-1080	0	Bando per assegnazione alloggi ERP, non assunzione
83	c03	doc-1081	0	Bando per assegnazione alloggi ERP, non assunzione
84	c03	doc-1082	0	Bando per assegnazione alloggi ERP, non assunzione
85	c03	doc-1103	0	Bando per assegnazione alloggi ERP, non assunzione
86	c03	doc-1109	0	Bando per assegnazione alloggi ERP, non assunzione
87	c03	doc-1169	2	Concorso pubblico per istruttore amministrativo contabile
88	c03	doc-1181	2	Bando di concorso per istruttore amministrativo
89	c03	doc-1221	2	Bando di concorso per tre istruttori amministrativi contabili
90	c03	doc-1273	2	Bando di concorso per operaio specializzato autista scuolabus
91	c03	doc-1278	2	Bando di concorso per operaio specializzato autista scuolabus
92	c03	doc-1289	2	Concorso pubblico per operaio specializzato autista scuolabus
93	c03	doc-1298	2	Concorso pubblico per operaio specializzato autista scuolabus
94	c03	doc-1320	2	Bando di concorso per operaio specializzato autista scuolabus
95	c03	doc-1357	2	Concorso per agente di polizia municipale, altro comune ma pertinente
96	c03	doc-1358	2	Concorso per funzionari area vigilanza
97	c03	doc-1360	2	Concorso per dirigente polizia locale
98	c03	doc-1361	2	Concorso per dirigente settore supporto direzionale
99	c03	doc-1446	0	Graduatoria ATER per alloggi, non concorso di personale
100	c03	doc-1447	2	Concorso pubblico per istruttore tecnico
101	c03	doc-1456	0	Graduatoria ATER per alloggi, non concorso di personale
102	c03	doc-2261	2	Bando di concorso per operaio specializzato autista scuolabus
103	c03	doc-2273	2	Nomina commissione esaminatrice di concorso per assistenti sociali
104	c03	doc-2389	2	Comunicazione prove scritte di concorso per istruttore direttivo tecnico
105	c03	doc-2405	0	Concorso nel senso di contributo alle spese scolastiche
106	c03	doc-2629	2	Nomina commissione esaminatrice di concorso per istruttore
107	c03	doc-3247	2	Istruttoria domande di concorso, atto di ammissione
108	c03	doc-4212	2	Bando di concorso per due istruttori tecnici
109	c03	doc-5080	0	Concorso letterario, uso della sala consiliare
110	c03	doc-5934	0	Bando per assegnazione alloggi ERP, non assunzione
111	c03	doc-5994	0	Bando per assegnazione alloggi ERP, non assunzione
112	c03	doc-7794	2	Graduatoria definitiva di concorso per istruttore direttivo
113	c03	doc-8319	2	Graduatoria finale di concorso per funzionario tecnico
114	c03	doc-8501	2	Bando di concorso per operaio specializzato autista scuolabus
115	c03	doc-8881	2	Graduatoria provvisoria di concorso per assistenti sociali
116	c03	doc-9813	2	Approvazione risultanze finali di concorso per funzionario tecnico
117	c04	doc-0138	1	Pagamento al gestore per servizio extra rifiuti abbandonati; dubbio fra 1 e 2
118	c04	doc-0208	1	Costi frazione estranea della differenziata, accessorio al servizio; dubbio fra 1 e 2
119	c04	doc-0209	1	Costi frazione estranea della differenziata, accessorio al servizio; dubbio fra 1 e 2
120	c04	doc-0310	1	Costi frazione estranea della differenziata, accessorio al servizio; dubbio fra 1 e 2
121	c04	doc-0326	1	Impegno costi frazione estranea della differenziata; dubbio fra 1 e 2
122	c04	doc-0364	2	Affidamento servizio di conferimento e recupero rifiuti urbani
123	c04	doc-0365	2	Affidamento servizio di conferimento e smaltimento rifiuti urbani
124	c04	doc-0367	1	Costi frazione estranea della differenziata, accessorio al servizio; dubbio fra 1 e 2
125	c04	doc-0370	2	Affidamento servizio di conferimento e smaltimento rifiuti urbani
126	c04	doc-0875	2	Ordinanza su raccolta differenziata e uso del centro di raccolta
127	c04	doc-1002	1	Avviso informativo sugli orari di conferimento, non un atto dispositivo
128	c04	doc-10036	2	Liquidazione al gestore del servizio di raccolta e smaltimento
129	c04	doc-1230	2	Ordinanza su abbandono di rifiuti
130	c04	doc-1382	1	Contributi per pagare la TARI, aspetto laterale
131	c04	doc-1632	1	Rimborso TARI a un contribuente, caso singolo
132	c04	doc-1680	2	Liquidazione mensile al gestore della gestione integrata rifiuti
133	c04	doc-1705	1	Bonus sociale TARI, aspetto laterale della tariffa
134	c04	doc-1710	2	Liquidazione mensile del servizio integrato rifiuti
135	c04	doc-1735	2	Liquidazione al gestore del servizio integrato rifiuti urbani
136	c04	doc-2447	2	Liquidazione al gestore del servizio rifiuti urbani
137	c04	doc-2643	2	Liquidazione al gestore secondo nuovo PEF rifiuti
138	c04	doc-2887	1	Bonus sociale rifiuti, aspetto laterale della tariffa
139	c04	doc-2997	1	Rimborso TARI per somme non dovute, caso singolo
140	c04	doc-3265	1	Pagamento TARI sugli immobili comunali, aspetto marginale
141	c04	doc-3653	2	Liquidazione al gestore del ciclo integrato dei rifiuti
142	c04	doc-4389	1	Singolo intervento di rimozione ingombranti verso centro di raccolta
143	c04	doc-4515	1	Pagamento TARI degli immobili comunali, aspetto marginale
144	c04	doc-4531	2	Liquidazione al gestore per trattamento rifiuti
145	c04	doc-4560	2	Liquidazione al gestore della gestione integrata rifiuti
146	c04	doc-4757	2	Liquidazione al gestore del servizio di raccolta e smaltimento
147	c04	doc-4885	2	Liquidazione servizio di raccolta e smaltimento rifiuti
148	c04	doc-5261	1	Rimborso TARI per somme non dovute, caso singolo
149	c04	doc-5444	1	Singolo affidamento per rimozione di rifiuti abbandonati
150	c04	doc-5887	2	Liquidazione trattamento rifiuti e gestione TARI
151	c04	doc-5989	2	Liquidazione al gestore del servizio di raccolta rifiuti
152	c04	doc-6167	2	Liquidazione al gestore per raccolta e smaltimento
153	c04	doc-7396	1	Accertamento proventi TARI e impegni; dubbio fra 1 e 2
154	c04	doc-8123	1	Pagamento tariffa rifiuti a carico del comune, aspetto marginale
155	c04	doc-8171	2	Impegno e liquidazione al gestore del servizio rifiuti
156	c04	doc-8274	2	Liquidazione corrispettivo al gestore della gestione integrata
157	c04	doc-8497	2	Liquidazione al gestore della raccolta rifiuti
158	c04	doc-9557	2	Liquidazione al gestore della raccolta e smaltimento
159	c04	doc-9771	0	Servizio di pulizia impianti sportivi, non rifiuti urbani
160	c04	doc-9972	1	Bolletta TARI delle utenze comunali, aspetto marginale
161	c05	doc-0038	2	liquidazione del canone al gestore della pubblica illuminazione
162	c05	doc-0205	2	liquidazione del canone al gestore della pubblica illuminazione
163	c05	doc-0588	2	esito di gara per efficientamento energetico della pubblica illuminazione
164	c05	doc-0718	1	ordinanza di viabilità per i lavori di sostituzione pali
165	c05	doc-0766	1	ordinanza di viabilità per lavori di riqualificazione dell'illuminazione pubblica
166	c05	doc-10031	2	energia elettrica per pubblica illuminazione, insieme agli stabili comunali
167	c05	doc-1724	2	liquidazione energia elettrica per la pubblica illuminazione
168	c05	doc-1738	0	avviso ex art. 928 c.c., non riguarda l'illuminazione
169	c05	doc-1931	1	riparazione puntuale di lanterne in una sola via
170	c05	doc-2046	2	affidamento manutenzione straordinaria impianti di illuminazione pubblica
171	c05	doc-2227	1	autorizzazione al subappalto, atto accessorio ai lavori sull'impianto
172	c05	doc-2233	2	liquidazione al gestore del servizio di illuminazione pubblica
173	c05	doc-2247	2	aggiudicazione lavori di realizzazione stralcio della pubblica illuminazione
174	c05	doc-2296	2	impegno per il partenariato di gestione e riqualificazione impianti
175	c05	doc-2391	2	contabilità finale di manutenzione ed efficientamento impianti comunali
176	c05	doc-2442	1	liquidazione di interventi puntuali di manutenzione in alcune vie
177	c05	doc-2512	2	liquidazione mensile al gestore dell'illuminazione pubblica
178	c05	doc-3020	2	affidamento lavori di manutenzione dell'impianto di illuminazione pubblica
179	c05	doc-3044	2	energia elettrica per impianti di illuminazione pubblica e immobili
180	c05	doc-3171	0	illuminazione del polisportivo e di emergenza del municipio, esclusa
181	c05	doc-3871	2	liquidazione energia e manutenzioni dell'illuminazione pubblica
182	c05	doc-3921	2	impegno per la concessione del servizio di illuminazione pubblica
183	c05	doc-3922	2	liquidazione mensile della concessione di illuminazione pubblica
184	c05	doc-4245	2	acquisto materiali per sostituire corpi illuminanti guasti della rete
185	c05	doc-4834	0	pubblicazione di matrimonio
186	c05	doc-5251	2	liquidazione mensile al gestore dell'illuminazione pubblica
187	c05	doc-5579	2	liquidazione energia elettrica per utenze di illuminazione pubblica
188	c05	doc-6888	0	pubblicazione di matrimonio
189	c05	doc-6907	2	determina a contrarre per ampliamento della pubblica illuminazione
190	c05	doc-7676	0	pubblicazione di matrimonio
191	c05	doc-7780	2	progetto di gestione ed efficientamento degli impianti di illuminazione pubblica
192	c05	doc-8659	2	contabilità finale e saldo lavori di efficientamento della rete
193	c05	doc-8685	2	progetto esecutivo di efficientamento dell'impianto di pubblica illuminazione
194	c05	doc-8934	1	subappalto per spostamento punto luce, accessorio ad altra opera
195	c05	doc-9099	0	rimborso quota gita, non pertinente
196	c05	doc-9502	2	liquidazione energia per pubblica illuminazione
197	c05	doc-9953	1	nuova illuminazione in una sola via, certificato di regolare esecuzione
198	c06	doc-0106	0	Contributo a famiglie affidatarie, escluso dal bisogno
199	c06	doc-0117	0	Interrogazione su contributo ricevuto dal comune
200	c06	doc-0224	2	Liquidazione contributo al comitato della festa patronale
201	c06	doc-10017	2	Liquidazione contributi economici alle associazioni
202	c06	doc-3035	2	Liquidazione contributo a un gruppo associativo per un evento
203	c06	doc-3725	2	Impegno di spesa per contributo a un'associazione
204	c06	doc-3977	0	Revisione albo associazioni, nessun contributo; dubbio fra 0 e 1
205	c06	doc-4518	2	Erogazione contributi ordinari e straordinari alle associazioni
206	c06	doc-4556	2	Contributo straordinario a un'associazione
207	c06	doc-4559	2	Contributo a un'associazione per un evento culturale
208	c06	doc-4848	0	Domanda di contributo alla Regione, contributo ricevuto dal comune
209	c06	doc-4849	2	Concessione contributo ordinario ad associazioni culturali e sportive
210	c06	doc-4867	1	Commissione di valutazione delle domande, atto di procedura
211	c06	doc-5612	1	Contributo a una parrocchia per utenze del doposcuola, non associazione
212	c06	doc-6280	2	Liquidazione contributo ad associazioni sportive
213	c06	doc-6281	1	Uso gratuito di strutture ad associazioni, contributo indiretto
214	c06	doc-6284	2	Avviso per domande di contributo ad associazioni
215	c06	doc-6488	2	Contributo straordinario a un'associazione, impegno e liquidazione
216	c06	doc-6864	0	Iscrizioni all'albo associazioni, nessun contributo; dubbio fra 0 e 1
217	c06	doc-6917	2	Liquidazione contributo a un gruppo sportivo culturale
218	c06	doc-7260	2	Avviso pubblico per contributi ordinari alle associazioni
219	c06	doc-7278	0	Accertamento entrate della mensa scolastica
220	c06	doc-7326	0	Fondi per centri estivi a compensazione spese famiglie; dubbio fra 0 e 1
221	c06	doc-7696	2	Concessione contributi alle associazioni locali
222	c06	doc-7741	2	Liquidazione contributo straordinario a un'associazione di volontariato
223	c06	doc-7959	2	Liquidazione contributi ad associazioni culturali
224	c06	doc-8287	1	Patrocinio gratuito, senza soldi
225	c06	doc-8886	2	Concessione contributo a un'associazione studentesca
226	c06	doc-9173	2	Impegno di spesa per contributi ad associazioni
227	c06	doc-9534	2	Contributo straordinario a un'associazione di donatori
228	c06	doc-9756	2	Contributi straordinari ad associazioni di volontariato
229	c07	doc-0002	2	Determina a contrarre e impegno per noleggio auto di servizio
230	c07	doc-0099	0	Noleggio di sistema di videosorveglianza, non di un veicolo
231	c07	doc-0229	0	Noleggio di dispositivi mobili, non di un veicolo
232	c07	doc-0312	2	Affidamento e impegno per noleggio furgone di servizio
233	c07	doc-0354	2	Adesione Consip e impegno per noleggio auto di servizio
234	c07	doc-0415	0	Noleggio fotocopiatori, non veicoli
235	c07	doc-0515	0	Restituzione cauzione per veicolo sequestrato, nessun noleggio
236	c07	doc-1445	0	Avviso di deposito di un veicolo, nessun noleggio
237	c07	doc-1503	0	Avviso di deposito di un veicolo, nessun noleggio
238	c07	doc-1748	0	Noleggio strumentazione per concerto, non veicolo
239	c07	doc-2390	0	Noleggio fotocopiatori, non veicoli
240	c07	doc-2737	0	Carriola motorizzata è attrezzatura più che veicolo; dubbio fra 0 e 1
241	c07	doc-2793	0	Noleggio bagni chimici, non veicolo
242	c07	doc-3196	1	Noleggio mini escavatore, mezzo operativo, con trincia; dubbio fra 1 e 2
243	c07	doc-3237	0	Noleggio attrezzature audio video, non veicoli
244	c07	doc-3722	0	Imbarcazioni con conducente per evento; dubbio fra 0 e 1
245	c07	doc-3796	0	Rimozione e custodia di veicolo sequestrato
246	c07	doc-3865	0	Noleggio coperture modulari, non veicoli
247	c07	doc-4405	1	Noleggio mezzo con conducente per escursione; dubbio fra 1 e 2
248	c07	doc-4731	0	Concessione posteggio, nessun noleggio
249	c07	doc-5207	0	Noleggio fotocopiatori, non veicoli
250	c07	doc-5523	0	Acquisto di un veicolo, svincolo cauzione
251	c07	doc-6067	0	Revisione di un automezzo, nessun noleggio
252	c07	doc-6665	1	Noleggio include trattori e mezzi di sollevamento fra altre attrezzature
253	c07	doc-6743	0	Manutenzione di un veicolo, nessun noleggio
254	c07	doc-6950	0	Noleggio estintori, non veicoli
255	c07	doc-6951	0	Noleggio bagni chimici, non veicoli
256	c07	doc-6952	0	Noleggio strutture per manifestazioni, non veicoli
257	c07	doc-7116	0	Noleggio multifunzione, non veicolo
258	c07	doc-7227	0	Noleggio attrezzature per evento, non veicoli
259	c07	doc-8046	0	Recupero e custodia veicolo sottoposto a fermo
260	c07	doc-8120	0	Recupero e custodia veicolo sequestrato
261	c07	doc-8266	2	Affidamento noleggio scuolabus con conducente
262	c07	doc-8716	1	Noleggio pullman con autista per centro estivo; dubbio fra 1 e 2
263	c07	doc-9156	1	Impegno per noleggio pullman con autista per gita; dubbio fra 1 e 2
264	c07	doc-9881	0	Bando per licenze di noleggio con conducente, il comune non noleggia
265	c08	doc-0028	2	Ordinanza di divieto di transito e sosta per lavori sulla rete idrica.
266	c08	doc-0092	2	Ordinanza di divieto di sosta e modifiche alla circolazione per lavori.
267	c08	doc-0098	0	Determina di fornitura impianto semaforico, non un'ordinanza di circolazione.
268	c08	doc-0150	2	Ordinanza di senso unico alternato con semaforo temporaneo.
269	c08	doc-0240	2	Ordinanza che inverte e istituisce un senso unico di marcia.
270	c08	doc-0248	2	Ordinanza di divieto di transito per una manifestazione.
271	c08	doc-0251	2	Ordinanza che attiva una ZTL e disciplina la circolazione.
272	c08	doc-0259	2	Ordinanza con provvedimenti di circolazione per una gara ciclistica.
273	c08	doc-0281	2	Ordinanza di limitazioni alla sosta e modifiche alla circolazione.
274	c08	doc-0320	2	Ordinanza di divieto di transito e sosta per festeggiamenti.
275	c08	doc-0710	2	Ordinanza di disciplina della circolazione stradale; testo vuoto, giudicata dal titolo.
276	c08	doc-0913	2	Ordinanza di regolamentazione della circolazione per una manifestazione.
277	c08	doc-0939	2	Ordinanza di disciplina della circolazione sulle strade comunali.
278	c08	doc-1161	2	Ordinanza di disciplina della circolazione in un centro abitato.
279	c08	doc-1184	2	Ordinanza di disciplina della circolazione in più centri abitati.
280	c08	doc-1394	2	Ordinanza di disciplina della circolazione in un centro abitato.
281	c08	doc-1491	2	Ordinanza di senso unico alternato per lavori di manutenzione stradale.
282	c08	doc-1582	2	Ordinanza di disciplina della circolazione in un centro abitato.
283	c08	doc-2012	2	Ordinanza di disciplina della circolazione in una piazza.
284	c08	doc-2013	2	Ordinanza di disciplina della circolazione su alcune vie.
285	c08	doc-2014	2	Ordinanza di disciplina della circolazione su una via.
286	c08	doc-2015	2	Ordinanza di disciplina della circolazione su una via.
287	c08	doc-2016	2	Ordinanza di disciplina della circolazione su alcune vie.
288	c08	doc-3194	2	Ordinanza di modifica temporanea della circolazione su una via.
289	c08	doc-3992	2	Ordinanza di disciplina della circolazione su una via.
290	c08	doc-3993	2	Ordinanza di disciplina della circolazione su una via.
291	c08	doc-3994	2	Ordinanza di disciplina della circolazione su una via.
292	c08	doc-4697	2	Ordinanza permanente di modifica della circolazione stradale.
293	c08	doc-4894	2	Ordinanza di proroga delle modifiche temporanee alla circolazione per lavori.
294	c08	doc-5767	2	Ordinanza di disciplina temporanea della circolazione stradale.
295	c08	doc-9463	2	Ordinanza di disciplina della circolazione su una via.
296	c08	doc-9464	2	Ordinanza di disciplina della circolazione su una via.
297	c08	doc-9465	2	Ordinanza di disciplina della circolazione su una via.
298	c09	doc-0003	2	impegno e liquidazione alla libreria per libri di testo primaria
299	c09	doc-0132	2	impegno di spesa per libri di testo gratuiti primaria
300	c09	doc-10012	2	impegno per fornitura gratuita libri di testo primaria
301	c09	doc-2591	2	impegno e liquidazione alla cartolibreria per libri di testo primaria
302	c09	doc-2662	2	criteri del contributo alle famiglie per libri di testo
303	c09	doc-4003	2	affidamento alla libreria per libri di testo primaria
304	c09	doc-4923	2	liquidazione alla libreria per cedole librarie primaria
305	c09	doc-5630	2	rimborso cedole librarie alla libreria
306	c09	doc-5637	2	fornitura libri di testo tramite cedole librarie
307	c09	doc-5648	2	liquidazione alla libreria per cedole librarie primaria
308	c09	doc-5944	2	impegno per fornitura libri di testo primaria
309	c09	doc-6394	2	impegno per fornitura libri di testo primaria
310	c09	doc-6626	2	liquidazione alla libreria per libri di testo gratuiti primaria
311	c09	doc-6800	2	impegno per libri di testo tramite cedola libraria
312	c09	doc-6996	2	impegni per libri di testo gratuiti primaria
313	c09	doc-7879	2	impegno alle cartolibrerie per libri di testo primaria
314	c09	doc-8291	2	rimborso alle librerie per cedole librarie
315	c09	doc-8901	2	impegno alla libreria per libri di testo gratuiti primaria
316	c09	doc-9450	2	bando per contributo alle famiglie per libri di testo
317	c09	doc-9887	2	impegno alla cartolibreria per rimborso libri di testo primaria
318	c10	doc-0073	2	proroga tecnica del servizio di mensa scolastica al gestore uscente
319	c10	doc-0241	1	nomina commissione della gara di refezione: atto della procedura, non affidamento
320	c10	doc-0401	2	determina a contrarre per la concessione della refezione scolastica
321	c10	doc-10040	2	affidamento del servizio di ristorazione scolastica 2026-2029
322	c10	doc-1773	2	aggiudicazione definitiva del servizio di refezione scolastica
323	c10	doc-1919	1	liquidazione costi di gestione della mensa scolastica: parziale per il bisogno
324	c10	doc-1994	0	servizio di accompagnamento scolastico, non ristorazione
325	c10	doc-2023	0	incarico tecnico antincendio per un plesso scolastico
326	c10	doc-2111	2	determina a contrarre per la ristorazione scolastica
327	c10	doc-2155	2	affidamento diretto del servizio di refezione scolastica
328	c10	doc-2635	0	accertamento entrate mensa del personale scolastico; dubbio con 1
329	c10	doc-2985	2	contratto derivato in adesione a convenzione di ristorazione scolastica
330	c10	doc-3023	2	affidamento del servizio di ristorazione scolastica 2026/2027
331	c10	doc-3549	0	lavori di costruzione della mensa, non il servizio
332	c10	doc-3847	0	accompagnamento sugli scuolabus, non mensa
333	c10	doc-4005	0	fornitura materiale per la mensa, non affidamento del servizio
334	c10	doc-4622	0	assistenza alla mensa e servizi educativi, non ristorazione; dubbio con 1
335	c10	doc-5035	0	fornitura di carne per la mensa, non affidamento del servizio; dubbio con 1
336	c10	doc-5643	0	fornitura di acqua per la mensa, non il servizio
337	c10	doc-5679	0	noleggio scuolabus, non mensa
338	c10	doc-5833	0	riscossione coattiva crediti mensa, non affidamento né tariffe; dubbio con 1
339	c10	doc-6050	1	servizio di aiuto cuoco per la mensa: parte del servizio, non l'affidamento intero
340	c10	doc-6395	0	fornitura generi alimentari per la mensa, non affidamento del servizio; dubbio con 1
341	c10	doc-6415	0	accompagnamento sullo scuolabus, non mensa
342	c10	doc-6937	0	servizi integrativi e assistenza mensa, non ristorazione
343	c10	doc-7278	0	accertamento entrate della mensa, non affidamento né tariffe; dubbio con 1
344	c10	doc-7371	0	rimborso crediti mensa alle famiglie, non affidamento
345	c10	doc-9405	0	fornitura acqua nell'ambito dell'appalto mensa, non affidamento; dubbio con 1
346	c10	doc-9658	1	riduzione impegni di spesa del servizio mensa: atto contabile, parziale
347	c10	doc-9686	0	graduatoria di accesso alla mensa, non affidamento
348	c11	doc-0086	1	proroga dei tempi di uno stralcio, non approva né paga
349	c11	doc-0356	1	liquida la direzione lavori, non i lavori
350	c11	doc-0471	2	approvazione e impegno di uno stralcio di manutenzione straordinaria
351	c11	doc-0552	2	approva atti finali e liquida il saldo dei lavori
352	c11	doc-1022	2	aggiudicazione e impegno lavori straordinari su vie comunali
353	c11	doc-1299	1	avviso ai creditori, strade regionali non comunali
354	c11	doc-1308	1	avviso ai creditori, strade regionali non comunali
355	c11	doc-1310	1	avviso ai creditori, strade regionali non comunali
356	c11	doc-1312	1	avviso ai creditori, strade regionali non comunali
357	c11	doc-1396	0	manutenzione ordinaria, esclusa dal bisogno
358	c11	doc-1401	0	manutenzione ordinaria, esclusa dal bisogno
359	c11	doc-1459	1	avviso ai creditori, strade regionali non comunali
360	c11	doc-1491	1	ordinanza di viabilità per lavori straordinari su strade comunali
361	c11	doc-1761	1	affida solo la progettazione, non i lavori
362	c11	doc-1762	2	affidamento lavori straordinari sulla copertura di una scuola
363	c11	doc-1784	1	liquida la direzione lavori, non i lavori
364	c11	doc-1868	1	documento di indirizzo e proposta di finanziamento; nel dubbio 1
365	c11	doc-2122	2	approvazione perizia di variante su strade comunali
366	c11	doc-4106	2	approvazione progetto esecutivo su strade comunali
367	c11	doc-4302	0	servizio di supporto amministrativo, non lavori
368	c11	doc-4490	2	determina con ditta per lavori straordinari su pensiline
369	c11	doc-4542	1	sostituzione del responsabile del progetto, atto accessorio
370	c11	doc-4683	0	ordinanza per lavori di una ditta, bene non comunale; nel dubbio 0
371	c11	doc-4739	2	delibera di giunta sui lavori alla copertura della biblioteca
372	c11	doc-4752	1	autorizzazione al subappalto, atto accessorio
373	c11	doc-5320	1	liquida progettazione e direzione lavori, non i lavori
374	c11	doc-6022	2	affidamento opere elettriche per il palazzetto comunale
375	c11	doc-6027	2	affidamento lavori straordinari sulle facciate degli alloggi
376	c11	doc-6600	2	approvazione variante in corso d'opera dei lavori
377	c11	doc-7314	2	impegno di spesa per lavori complementari sugli impianti sportivi
378	c11	doc-7460	2	approva contabilità finale e regolare esecuzione
379	c11	doc-8036	1	nomina figure tecniche, atto accessorio
380	c11	doc-8174	2	approvazione progetto esecutivo
381	c11	doc-8476	2	liquidazione saldo lavori
382	c11	doc-8626	2	affidamento lavori straordinari sulla copertura di una scuola
383	c11	doc-8835	2	approvazione progetto esecutivo del cimitero
384	c11	doc-8915	1	avviso ai creditori, proprietà degli alloggi non indicata
385	c11	doc-9721	2	liquidazione lavori straordinari sulle cappelle cimiteriali
386	c12	doc-10031	1	Liquidazione di fatture di energia elettrica, non impegno
387	c12	doc-1951	0	Installazione contatori senza fornitura, lavori di allaccio
388	c12	doc-1952	0	Installazione contatori senza fornitura, lavori di allaccio
389	c12	doc-2296	1	Partenariato illuminazione con fornitura energia fra altri servizi
390	c12	doc-2429	2	Integrazione impegni per energia elettrica utenze comunali, Consip
391	c12	doc-2569	1	Impegno unico per più utenze, energia elettrica fra gas e acqua
392	c12	doc-3044	2	Variazione impegni per energia elettrica di immobili e illuminazione
393	c12	doc-3836	2	Integrazione impegni per fornitura di energia elettrica 2026
394	c12	doc-4486	1	Fornitura temporanea per manifestazione, non immobili o impianti
395	c12	doc-5041	2	Affidamento e impegno energia elettrica per immobile comunale
396	c12	doc-5236	2	Integrazione impegno energia elettrica per immobili comunali
397	c12	doc-6234	2	Affidamento fornitura energia elettrica e integrazione impegno
398	c12	doc-6259	0	Diritti di licenza di officina elettrica
399	c12	doc-6401	0	Servizio di misura su impianti fotovoltaici, non fornitura
400	c12	doc-6589	2	Integrazione impegno Consip energia elettrica
401	c12	doc-6790	1	Riduzione dell'impegno energia elettrica; dubbio fra 1 e 2
402	c12	doc-6869	1	Liquidazione di fatture di energia elettrica, non impegno
403	c12	doc-7235	1	Fornitura temporanea per manifestazione; dubbio fra 1 e 2
404	c12	doc-7248	0	Manifestazione con barche elettriche
405	c12	doc-8327	0	Spese di allacciamento di impianto fotovoltaico
406	c12	doc-8365	0	Lavori edili, non fornitura di energia
407	c12	doc-8521	2	Impegno per fornitura energia elettrica
408	c12	doc-8547	2	Adesione Consip energia elettrica e integrazione impegno
409	c12	doc-9334	0	Riduzione impegno senza oggetto riconoscibile, servizio prevenzione
410	c12	doc-9335	0	Variazione impegno senza oggetto riconoscibile, servizio prevenzione
411	c12	doc-9502	1	Liquidazione fattura illuminazione pubblica, non impegno
412	c12	doc-9788	2	Adeguamento impegno energia elettrica edifici pubblici, Consip
413	c12	doc-9789	0	Carte d'identità elettroniche
414	c13	doc-0073	1	proroga tecnica che nomina il gestore uscente, gara non ancora aggiudicata
415	c13	doc-0343	0	pubblicazione di matrimonio
416	c13	doc-0748	0	corso di formazione, estraneo
417	c13	doc-0954	0	esito di gara per lavori a un campetto, non mensa
418	c13	doc-1424	0	contributo alle famiglie per materiale scolastico
419	c13	doc-1562	0	concessione demaniale, estraneo
420	c13	doc-2116	0	contributo a un circolo culturale
421	c13	doc-2456	0	duplicazione chiavi di una scuola
422	c13	doc-2625	0	comitato pari opportunità, estraneo
423	c13	doc-3186	0	commissione di gara per servizio socio-educativo, non mensa
424	c13	doc-3681	0	convenzione con associazione di volontariato
425	c13	doc-3683	0	pulizia post cantiere della mensa, non ristorazione
426	c13	doc-3886	1	atto successivo che nomina l'aggiudicatario della gara di ristorazione scolastica
427	c13	doc-4096	0	bonus studenti meritevoli
428	c13	doc-4622	0	assistenza mensa e servizi educativi, non ristorazione
429	c13	doc-4625	0	fornitura arredi scolastici
430	c13	doc-4778	0	pulizia palestra scolastica
431	c13	doc-5643	0	fornitura acqua per la mensa, non la gara del servizio
432	c13	doc-5906	0	contratto per doposcuola e sorveglianza mensa, non ristorazione
433	c13	doc-6089	1	impegni verso l'aggiudicatario della gara di ristorazione, nome ditta; dubbio con 2
434	c13	doc-6240	0	borse di studio
435	c13	doc-6246	0	uscita didattica con scuolabus
436	c13	doc-6395	0	fornitura generi alimentari, non gara della ristorazione
437	c13	doc-6815	0	ordinanza di viabilità
438	c13	doc-6818	0	ordinanza di viabilità
439	c13	doc-7213	1	rinnovo dell'affidamento della ristorazione scolastica con nome della ditta
440	c13	doc-7257	0	liquidazione servizio scuolabus
441	c13	doc-7322	0	incarico tecnico per lavori a una scuola
442	c13	doc-7511	0	co-progettazione attività educative e assistenza mensa
443	c13	doc-7598	2	affidamento della ristorazione scolastica alla ditta aggiudicataria della gara
444	c13	doc-7840	0	pulizia delle mense, non ristorazione
445	c13	doc-7879	0	fornitura libri di testo
446	c13	doc-8140	0	supporto legale per concessione demaniale
447	c13	doc-8738	0	fornitura tavoli e sedie per la mensa
448	c13	doc-8960	0	servizi di accoglienza e sorveglianza mensa, non ristorazione
449	c13	doc-8987	0	riqualificazione energetica di una scuola
450	c13	doc-9130	0	servizi tecnici per una foresteria
451	c13	doc-9174	0	accompagnamento scuolabus e assistenza mensa, non ristorazione
452	c13	doc-9360	0	riqualificazione di un giardino
453	c13	doc-9405	0	fornitura acqua nell'appalto mensa, vincitore non indicato; dubbio con 1
454	c13	doc-9419	0	concessione di una sala museale
455	c13	doc-9849	0	accatastamento di uno spazio mensa
456	c14	doc-0002	2	Impegno con importi per noleggio auto di servizio
457	c14	doc-0354	2	Impegno con importi per noleggio auto di servizio
458	c14	doc-0959	0	Bando GAL per filiere agroalimentari
459	c14	doc-1056	0	Avviso di taglio piante sotto elettrodotti
460	c14	doc-2390	0	Noleggio fotocopiatori, non auto
461	c14	doc-2697	0	Noleggio autobus con autista per iniziativa, non auto di servizio
462	c14	doc-2732	0	Trasferimento fondi per disabilità
463	c14	doc-4141	0	Lavori impianto fotovoltaico
464	c14	doc-4295	0	Noleggio materiale elettrico per festa
465	c14	doc-4405	0	Mezzo con conducente per escursione, non auto di servizio
466	c14	doc-5021	0	Noleggio stampanti, non auto
467	c14	doc-5483	0	Servizio di pulizia di un museo
468	c14	doc-5679	0	Scuolabus con conducente, non auto di servizio
469	c14	doc-5696	0	Manutenzione di un automezzo, esclusa dal bisogno
470	c14	doc-5697	0	Manutenzione di un automezzo, esclusa dal bisogno
471	c14	doc-6238	0	Fattura di autofficina, manutenzione
472	c14	doc-6473	0	Gestione centro raccolta rifiuti
473	c14	doc-6526	0	Manutenzione automezzi comunali, esclusa dal bisogno
474	c14	doc-6601	0	Tasse di proprietà auto, non noleggio
475	c14	doc-6665	0	Noleggio macchine operative, non auto di servizio
476	c14	doc-7098	0	Richiesta finanziamento per fotovoltaico e parco
477	c14	doc-7116	0	Noleggio multifunzione, non auto
478	c14	doc-7125	0	Noleggio piattaforma autocarrata, non auto di servizio
479	c14	doc-7131	0	Noleggio attrezzature per rassegna cinematografica
480	c14	doc-7309	0	Revisione automezzo, manutenzione
481	c14	doc-7586	0	Noleggio palcoscenico per evento
482	c14	doc-8090	0	Noleggio attrezzatura per strade bianche
483	c14	doc-8266	0	Scuolabus con conducente, non auto di servizio
484	c14	doc-8657	0	Telecontrollo defibrillatore
485	c14	doc-8714	0	Incontri con l'autore
486	c14	doc-8716	0	Pullman con autista per centro estivo, non auto di servizio
487	c14	doc-8805	0	Autobus con conducente per progetto, non auto di servizio
488	c14	doc-9395	0	Tessere autobus per dipendenti
489	c14	doc-9881	0	Bando per licenze di noleggio con conducente
490	c15	doc-0001	2	Ordinanza di circolazione e sosta per allacci alla rete idrica e fognaria.
491	c15	doc-0020	2	Ordinanza di circolazione per lavori sulla rete idrica e fognaria.
492	c15	doc-0128	2	Ordinanza di limitazioni a sosta e circolazione per lavori AQP.
493	c15	doc-0258	2	Ordinanza di limitazioni a sosta e circolazione per lavori AQP.
494	c15	doc-0399	2	Ordinanza di circolazione per manutenzione reti idriche e fognarie.
495	c15	doc-0400	2	Ordinanza di circolazione per manutenzione reti idriche e fognarie.
496	c15	doc-0412	2	Ordinanza di circolazione per allacciamenti idrici e fognari.
497	c15	doc-0678	0	Ordinanza di traffico per lavori su cavi telefonici e fibra, non rete idrica.
498	c15	doc-0679	0	Ordinanza di traffico per lavori su linee elettriche, non rete idrica.
499	c15	doc-0799	0	Avviso sul pericolo di caduta rami, non riguarda lavori idrici.
500	c15	doc-0810	0	Avviso sul pericolo di caduta rami, non riguarda lavori idrici.
501	c15	doc-0917	2	Proroga di ordinanza di circolazione per lavori sulla rete dell'acquedotto.
502	c15	doc-0948	2	Ordinanza di senso unico alternato per lavori sulla rete idrica.
503	c15	doc-1328	2	Ulteriore proroga della disciplina di circolazione per lavori all'acquedotto.
504	c15	doc-1877	2	Ordinanza di divieti di sosta e restringimento per allacci alla rete idrica.
505	c15	doc-1878	2	Ordinanza di divieti di sosta per lavori di sostituzione rete idrica.
506	c15	doc-2651	2	Ordinanza dell'ufficio traffico per perdita dalla rete fognaria; giudicata dal titolo.
507	c15	doc-3276	2	Ordinanza dell'ufficio traffico per perdita dalla rete idrica; giudicata dal titolo.
508	c15	doc-3603	2	Ordinanza di modifiche alla circolazione per posa di condotta idrica.
509	c15	doc-4281	2	Proroga di ordinanza di circolazione per lavori sulla rete idrica.
510	c15	doc-4606	2	Ordinanza di divieti di sosta e chiusura strada per lavori sulla rete idrica.
511	c15	doc-4675	0	Ordinanza di traffico per lavori su linea elettrica, non rete idrica.
512	c15	doc-5274	2	Ordinanza di divieti di sosta e chiusura strada per lavori sulla rete idrica.
513	c15	doc-6159	2	Ordinanza dell'ufficio traffico per perdita dalla rete fognaria; giudicata dal titolo.
514	c15	doc-6816	2	Ordinanza dell'ufficio traffico per manutenzione rete idrica; giudicata dal titolo.
515	c15	doc-6819	1	Verifica di fattibilità viabilità per lavori acqua, fognatura e gas; dubbio fra 1 e 2.
516	c15	doc-8070	1	Comunicazione di disservizi per lavori sulla rete idrica, non ordinanza di traffico.
517	c15	doc-8491	2	Ordinanza di sospensione della circolazione per un allaccio idrico.
518	c15	doc-9277	2	Ordinanza di sospensione della circolazione per manutenzione rete idrica.
519	c15	doc-9864	2	Ordinanza di divieti di sosta e restringimento per allacci alla rete idrica.
520	c15	doc-9866	2	Proroga di ordinanza di chiusura strada per lavori sulla rete idrica.
521	c15	doc-9984	2	Ordinanza dell'ufficio traffico per perdita dalla rete idrica; giudicata dal titolo.
522	c15	doc-9986	2	Ordinanza dell'ufficio traffico per perdita dalla rete idrica; giudicata dal titolo.
523	c15	doc-9987	2	Ordinanza dell'ufficio traffico per nuovo allaccio fognario; giudicata dal titolo.
524	c16	doc-0273	1	variazione d'urgenza di giunta al bilancio 2026-2028: parziale
525	c16	doc-0276	0	relazione sulla performance 2025, non il bilancio
526	c16	doc-0294	0	determina sul piano dei flussi di cassa, non la delibera di bilancio
527	c16	doc-0340	0	ratifica consiliare di una variazione, non fra i parziali; nel dubbio 0
528	c16	doc-0540	1	variazione d'urgenza di giunta al bilancio 2026-2028: parziale
529	c16	doc-1620	0	ratifica consiliare di una variazione, non fra i parziali; nel dubbio 0
530	c16	doc-2066	0	ratifica consiliare di una variazione, non fra i parziali; nel dubbio 0
531	c16	doc-2106	1	giunta: variazioni di cassa al bilancio 2026-2028, parziale
532	c16	doc-2910	0	ratifica consiliare di una variazione, non fra i parziali; nel dubbio 0
533	c16	doc-3333	1	giunta: variazione di cassa al bilancio 2026-2028, parziale
534	c16	doc-3418	0	ratifica consiliare di una variazione, non fra i parziali; nel dubbio 0
535	c16	doc-3607	1	adeguamento del PEG 2026-2028: parziale
536	c16	doc-3660	1	variazione di giunta al bilancio 2026-2028: parziale
537	c16	doc-4050	0	bilancio consolidato 2025, altro documento
538	c16	doc-4076	1	variazione di giunta al bilancio 2026-2028: parziale
539	c16	doc-4109	1	aggiornamento assegnazione risorse del PEG 2026-2028: parziale
540	c16	doc-4112	0	indirizzi per il bilancio 2027-2029, altro anno
541	c16	doc-4446	0	ratifica consiliare di una variazione, non fra i parziali; nel dubbio 0
542	c16	doc-4746	1	variazione di giunta al bilancio 2026-2028: parziale
543	c16	doc-5140	1	variazione d'urgenza di giunta al bilancio 2026-2028: parziale
544	c16	doc-7282	0	ratifica consiliare di una variazione, non fra i parziali; nel dubbio 0
545	c16	doc-7494	0	ratifica consiliare di una variazione, non fra i parziali; nel dubbio 0
546	c16	doc-7626	1	variazione di giunta al bilancio 2026-2028: parziale
547	c16	doc-7937	0	ratifica consiliare di variazione a bilancio e DUP; nel dubbio 0
548	c16	doc-9284	0	prelevamento dal fondo di riserva, non proprio una variazione; nel dubbio 0
549	c16	doc-9589	1	variazione di giunta al bilancio 2026-2028: parziale
550	c16	doc-9648	1	variazione di giunta al bilancio 2026-2028: parziale
551	c17	doc-0261	0	Contributo regionale ricevuto dal comune per cartellonistica
552	c17	doc-0841	0	Contributi alle imprese, non associazioni sportive
553	c17	doc-0852	0	Contributi alle imprese, non associazioni sportive
554	c17	doc-0855	0	Contributi alle imprese, non associazioni sportive
555	c17	doc-0877	0	Contributi alle imprese, non associazioni sportive
556	c17	doc-0891	0	Contributi a famiglie per attività sportive dei minori
557	c17	doc-10017	1	Contributi ad associazioni non specificate; dubbio fra 1 e 2
558	c17	doc-1658	1	Patrocini e uso gratuito di strutture sportive, parziale
559	c17	doc-1659	2	Ripartizione contributi ad associazioni sportive dilettantistiche
560	c17	doc-3725	0	Contributo ad associazione di anziani, non sportiva
561	c17	doc-4518	1	Contributi ad associazioni generiche; dubbio fra 1 e 2
562	c17	doc-4849	2	Contributo ordinario ad associazioni anche sportive
563	c17	doc-4867	1	Commissione valutazione domande di contributo, anche area sportiva
564	c17	doc-6280	2	Liquidazione contributo ad associazioni sportive dilettantistiche
565	c17	doc-6281	1	Uso gratuito di strutture comunali ad associazioni, parziale
566	c17	doc-6452	2	Contributo economico a un'associazione sportiva dilettantistica
567	c17	doc-6809	0	Concessione in uso impianti a pagamento, entrate per il comune
568	c17	doc-6917	2	Liquidazione contributo a un gruppo sportivo culturale
569	c17	doc-7260	1	Avviso contributi ad associazioni ed enti generici; dubbio fra 1 e 2
570	c17	doc-7696	1	Contributi ad associazioni locali generiche; dubbio fra 1 e 2
571	c17	doc-7959	0	Contributi ad associazioni culturali, non sportive
572	c17	doc-8541	2	Contributo ad associazione sportiva per gestione impianto
573	c17	doc-8886	0	Contributo ad associazione studentesca, non sportiva
574	c17	doc-9010	0	Progetto di opera pubblica, nessun contributo ad associazioni
575	c17	doc-9173	1	Contributi ad associazioni diverse non specificate; dubbio fra 1 e 2
576	c17	doc-9260	2	Contributo straordinario a un'associazione sportiva dilettantistica
577	c17	doc-9351	2	Contributi di gestione ai concessionari di centri sportivi
578	c17	doc-9756	0	Contributi ad associazioni di volontariato non sportive
579	c18	doc-0569	0	selezione di tutori volontari, non assunzione di personale
580	c18	doc-10006	0	selezione di enti del terzo settore, non di personale
581	c18	doc-1282	2	concorso pubblico per un posto di operaio in un comune
582	c18	doc-1325	2	concorso pubblico per un posto di operaio in un comune
583	c18	doc-1345	2	concorso pubblico per un posto di operaio in un comune
584	c18	doc-1404	2	concorso pubblico per un posto a tempo indeterminato
585	c18	doc-1447	2	concorso pubblico per istruttore tecnico
586	c18	doc-1477	0	comodato di appartamenti, non selezione di personale
587	c18	doc-1515	1	atto di approvazione nel concorso, forse graduatoria; dubbio fra 1 e 2
588	c18	doc-1556	1	selezione di personale per un consorzio, non per il comune
589	c18	doc-1756	1	selezione interna per progressione verticale, non assunzione esterna
590	c18	doc-3122	1	ricerca personale per un consorzio di bonifica, non il comune
591	c18	doc-5276	1	selezione di personale per società partecipata, non il comune
592	c18	doc-5384	1	selezione di personale per società partecipata, non il comune
593	c18	doc-5573	1	selezione di personale per società partecipata, non il comune
594	c18	doc-5583	1	selezione di personale per società partecipata, non il comune
595	c18	doc-5595	1	selezione di personale per società partecipata, non il comune
596	c18	doc-5666	1	selezione di personale per società partecipata, non il comune
597	c18	doc-5670	1	selezione di personale per società partecipata, non il comune
598	c18	doc-5770	1	selezione di personale per società partecipata, non il comune
599	c18	doc-5875	1	selezione di personale per società partecipata, non il comune
600	c18	doc-5877	1	selezione di personale per società partecipata, non il comune
601	c18	doc-5933	1	selezione di personale per società partecipata, non il comune
602	c18	doc-5996	1	selezione di personale per società partecipata, non il comune
603	c18	doc-6020	1	selezione di personale per società partecipata, non il comune
604	c18	doc-6030	1	selezione di personale per società partecipata, non il comune
605	c18	doc-6048	1	selezione di personale per società partecipata, non il comune
606	c18	doc-6100	1	selezione di personale per società partecipata, non il comune
607	c18	doc-6122	1	selezione di personale per società partecipata, non il comune
608	c18	doc-6566	1	elenco idonei con contratto Utilitalia, ente non comunale
609	c18	doc-6815	0	ordinanza sulla sosta, non pertinente
610	c18	doc-7671	1	selezione di personale per società partecipata, non il comune
611	c18	doc-8882	1	selezione di personale per società partecipata, non il comune
612	c19	doc-0002	2	è la determina n. 1223 del 2026
613	c19	doc-0003	0	determina n. 1222, non la 1223; il testo non la cita
614	c19	doc-0009	0	determina n. 1221, non la 1223; il testo non la cita
615	c19	doc-0010	0	determina n. 1220, non la 1223; il testo non la cita
616	c19	doc-0011	0	determina n. 1219, non la 1223; il testo non la cita
617	c19	doc-0012	0	determina n. 1218, non la 1223; il testo non la cita
618	c19	doc-0013	0	determina n. 1217, non la 1223; il testo non la cita
619	c19	doc-0015	0	determina n. 1211, non la 1223; il testo non la cita
620	c19	doc-0016	0	determina n. 1210, non la 1223; il testo non la cita
621	c19	doc-0019	0	determina n. 1177, non la 1223; il testo non la cita
622	c19	doc-0033	0	determina n. 1213, non la 1223; il testo non la cita
623	c19	doc-0072	0	determina n. 1203, non la 1223; il testo non la cita
624	c19	doc-0162	0	determina n. 1123, non la 1223; il testo non la cita
625	c19	doc-0280	0	determina n. 1028, non la 1223; il testo non la cita
626	c19	doc-0329	0	determina n. 993, non la 1223; il testo non la cita
627	c19	doc-1872	0	determina n. 1795, non la 1223
628	c19	doc-2060	0	determina n. 92, non la 1223
629	c19	doc-2061	0	determina n. 93, non la 1223
630	c19	doc-2897	0	determina n. 508, non la 1223
631	c19	doc-2959	0	determina n. 246, non la 1223
632	c19	doc-3043	0	determina n. 665, non la 1223
633	c19	doc-3166	0	determina n. 483, non la 1223
634	c19	doc-3255	0	determina n. 46, non la 1223
635	c19	doc-3776	0	ordinanza n. 551, non una determina 1223
636	c19	doc-4305	0	determina n. 206, non la 1223
637	c19	doc-4328	0	determina n. 1043, non la 1223
638	c19	doc-4329	0	determina n. 1032, non la 1223
639	c19	doc-4330	0	determina n. 1040, non la 1223
640	c19	doc-4331	0	determina n. 1041, non la 1223
641	c19	doc-4339	0	determina n. 1023, non la 1223
642	c19	doc-4340	0	determina n. 1021, non la 1223
643	c19	doc-4777	0	determina n. 199, non la 1223
644	c19	doc-5202	0	ordinanza n. 555, non una determina 1223
645	c19	doc-5203	0	ordinanza n. 557, non una determina 1223
646	c19	doc-5215	0	determina n. 551, non la 1223
647	c19	doc-5526	0	determina n. 2933, non la 1223
648	c19	doc-5797	0	determina n. 906, non la 1223
649	c19	doc-5827	0	determina n. 883, non la 1223
650	c19	doc-6312	0	determina n. 273, non la 1223
651	c19	doc-7110	0	determina n. 1140, non la 1223
652	c19	doc-7184	0	determina n. 525, non la 1223
653	c19	doc-7828	0	determina n. 370, non la 1223
654	c19	doc-8038	0	determina n. 518, non la 1223
655	c19	doc-8234	0	determina n. 1020, non la 1223
656	c19	doc-8312	0	determina n. 2512, non la 1223
657	c19	doc-8415	0	determina n. 770, non la 1223
658	c19	doc-8640	0	determina n. 172, non la 1223
659	c19	doc-9174	0	determina n. 340, non la 1223
660	c19	doc-9243	0	determina n. 1558, non la 1223
661	c19	doc-9894	0	determina n. 535, non la 1223
662	c20	doc-0001	2	è l'ordinanza n. 187 del 2026
663	c20	doc-0020	0	ordinanza n. 186, modificata dalla 187 ma non la cita
664	c20	doc-0021	0	ordinanza n. 185, non la 187; il testo non la cita
665	c20	doc-0024	0	ordinanza n. 183, non la 187; il testo non la cita
666	c20	doc-0028	0	ordinanza n. 184, non la 187; il testo non la cita
667	c20	doc-0030	0	determina; 187 è solo una particella catastale
668	c20	doc-0039	0	ordinanza n. 181, non la 187; il testo non la cita
669	c20	doc-0040	0	ordinanza n. 182, non la 187; il testo non la cita
670	c20	doc-0041	0	determina; 187 compare solo in un numero ODA
671	c20	doc-0090	0	ordinanza n. 176, non la 187; il testo non la cita
672	c20	doc-0253	0	delibera di giunta n. 187, non un'ordinanza
673	c20	doc-0601	0	ordinanza con altro numero, non la 187
674	c20	doc-0687	0	ordinanza con altro numero, non la 187
675	c20	doc-0750	0	ordinanza con altro numero, non la 187
676	c20	doc-0785	0	ordinanza con altro numero, non la 187
677	c20	doc-0918	0	ordinanza con altro numero, non la 187
678	c20	doc-1011	0	ordinanza con altro numero, non la 187
679	c20	doc-1838	0	determina n. 187, non un'ordinanza
680	c20	doc-2224	0	ordinanza con altro numero, non la 187
681	c20	doc-2986	0	determina n. 187, non un'ordinanza
682	c20	doc-4304	0	determina; 187 è un articolo del codice appalti
683	c20	doc-4492	0	ordinanza con altro numero, non la 187
684	c20	doc-5407	0	ordinanza con altro numero, non la 187
685	c20	doc-5514	0	ordinanza con altro numero, non la 187
686	c20	doc-5515	0	ordinanza con altro numero, non la 187
687	c20	doc-5517	0	ordinanza con altro numero, non la 187
688	c20	doc-5518	0	ordinanza con altro numero, non la 187
689	c20	doc-6592	0	determina; 187 è solo un mappale catastale
690	c20	doc-6613	0	ordinanza con altro numero, non la 187
691	c20	doc-6905	0	ordinanza con altro numero, non la 187
692	c20	doc-7020	0	ordinanza con altro numero, non la 187
693	c20	doc-7277	0	ordinanza con altro numero, non la 187
694	c20	doc-8003	0	determina n. 187, non un'ordinanza
695	c20	doc-8198	0	ordine di liquidazione n. 187, non un'ordinanza
696	c20	doc-8442	0	ordinanza con altro numero, non la 187
697	c20	doc-8706	0	ordinanza con altro numero, non la 187
698	c20	doc-9146	0	determina n. 1874, non un'ordinanza 187
699	c20	doc-9147	0	determina n. 1873, non un'ordinanza 187
700	c20	doc-9150	0	determina n. 1871, non un'ordinanza 187
701	c20	doc-9151	0	determina n. 1876, non un'ordinanza 187
702	c20	doc-9152	0	determina n. 1877, non un'ordinanza 187
703	c20	doc-9153	0	determina n. 1878, non un'ordinanza 187
704	c20	doc-9442	0	ordinanza con altro numero, non la 187
705	c20	doc-9588	0	ordinanza con altro numero, non la 187
706	c21	doc-0150	0	ordinanza per pericolo di crollo di un manufatto, non manutenzione
707	c21	doc-0154	0	riuso acque reflue, lavaggio strade solo citato
708	c21	doc-0255	1	liquidazione di una fattura di materiale per manutenzione strade
709	c21	doc-0256	0	divieto di sosta per pulizia strade, igiene urbana
710	c21	doc-0288	1	liquidazione primo SAL di uno stralcio su strade e marciapiedi
711	c21	doc-0299	0	archivio numeri civici, non manutenzione
712	c21	doc-0321	0	divieto di sosta per pulizia strade, igiene urbana
713	c21	doc-0357	2	affidamento fornitura materiale per manutenzione strade e marciapiedi comunali
714	c21	doc-0379	1	liquidazione di una fattura di materiale per manutenzione strade
715	c21	doc-0468	0	trattamento alberi e sfalcio cigli, verde; nel dubbio 0
716	c21	doc-0532	1	liquidazione di una fattura di materiale per manutenzione strade
717	c21	doc-0615	1	ordinanza di viabilità per lavori sulle barriere, strade regionali
718	c21	doc-0763	0	divieti di sosta per spazzamento strade, igiene urbana
719	c21	doc-0795	0	avviso sul taglio della vegetazione, non lavori stradali; nel dubbio 0
720	c21	doc-0803	0	avviso sul taglio della vegetazione, non lavori stradali; nel dubbio 0
721	c21	doc-1022	2	aggiudicazione lavori di manutenzione straordinaria di vie comunali
722	c21	doc-1079	1	avviso ai creditori per ribitumature su strade regionali
723	c21	doc-1113	1	avviso ai creditori per ribitumature su strade regionali
724	c21	doc-1122	1	avviso ai creditori per ribitumature su strade regionali
725	c21	doc-1308	1	avviso ai creditori per asfaltature su strade regionali
726	c21	doc-1321	0	manutenzione di una ciclovia, non di strade; nel dubbio 0
727	c21	doc-1349	1	avviso ai creditori per manutenzione strade regionali
728	c21	doc-1353	1	avviso ai creditori per manutenzione strade regionali
729	c21	doc-1355	1	avviso ai creditori per manutenzione strade regionali
730	c21	doc-1368	1	avviso ai creditori per manutenzione strade regionali
731	c21	doc-1381	1	avviso ai creditori per manutenzione strade regionali
732	c21	doc-1396	1	avviso ai creditori per manutenzione strade regionali
733	c21	doc-1401	1	avviso ai creditori per manutenzione strade regionali
734	c21	doc-1611	1	avviso ai creditori per manutenzione strade regionali
735	c21	doc-2351	2	approva la regolare esecuzione della manutenzione segnaletica stradale
736	c21	doc-3170	0	manutenzione di una spazzatrice, non di strade
737	c21	doc-3271	0	ordinanza per manutenzione scalinate, non strade; nel dubbio 0
738	c21	doc-3272	0	lavori sulla copertura di un edificio, strada solo indirizzo
739	c21	doc-3515	2	affidamento lavori di manutenzione straordinaria strade comunali
740	c21	doc-3578	1	avviso ai creditori per asfaltatura strade comunali
741	c21	doc-4106	2	approvazione progetto esecutivo manutenzione straordinaria strade comunali
742	c21	doc-4232	2	integrazione impegno per lavori di manutenzione strade comunali
743	c21	doc-4697	0	modifica permanente della circolazione, non manutenzione
744	c21	doc-4894	1	proroga ordinanza di viabilità per lavori stradali
745	c21	doc-4919	2	affidamento manutenzione strade bianche comunali
746	c21	doc-5193	0	manutenzione servizi igienici scolastici, non strade
747	c21	doc-5493	0	sondaggi per muro di sostegno, non chiaramente stradale; nel dubbio 0
748	c21	doc-5868	2	affidamento sostituzione caditoie e lavori stradali
749	c21	doc-6600	0	manutenzione servizi igienici scolastici, non strade
750	c21	doc-6741	1	liquidazione acquisto materiale per manutenzione strade
751	c21	doc-7077	0	manutenzione di un'aiuola, verde non strada
752	c21	doc-7256	2	affidamento appalto manutenzione straordinaria strade comunali
753	c21	doc-7377	2	affidamento lavori di manutenzione strade comunali
754	c21	doc-7788	0	ordinanza di senso unico alternato senza lavori indicati
755	c21	doc-7789	0	ordinanza di senso unico alternato senza lavori indicati
756	c21	doc-7813	1	ordinanza di viabilità per manutenzione straordinaria strade
757	c21	doc-8168	1	liquidazione lavori su strade sterrate comunali
758	c21	doc-9029	0	ordinanza per attraversamento e scarico idraulico, non manutenzione
759	c21	doc-9985	0	tinteggiatura di una facciata, strada solo indirizzo
760	c22	doc-0001	2	Ordinanza di modifica temporanea di circolazione e sosta per lavori.
761	c22	doc-0020	2	Ordinanza di disciplina temporanea della circolazione per lavori.
762	c22	doc-0024	2	Ordinanza di divieto di sosta e di transito per un trasloco.
763	c22	doc-0028	2	Ordinanza di divieto di transito e sosta per lavori sulla rete idrica.
764	c22	doc-0090	2	Ordinanza di limitazioni a sosta e circolazione per una manifestazione.
765	c22	doc-0091	2	Ordinanza di limitazioni a sosta e circolazione per lavori.
766	c22	doc-0092	2	Ordinanza di divieto di sosta e modifiche alla circolazione per lavori.
767	c22	doc-0093	2	Ordinanza di limitazioni a sosta e circolazione per pulizia strade.
768	c22	doc-0094	2	Ordinanza di limitazioni a sosta e circolazione per lavori privati.
769	c22	doc-0095	2	Ordinanza di limitazioni a sosta e circolazione per una sagra.
770	c22	doc-0150	2	Ordinanza di senso unico alternato con semaforo temporaneo.
771	c22	doc-0240	2	Ordinanza che inverte e istituisce un senso unico di marcia.
772	c22	doc-0666	2	Ordinanza di senso unico alternato e sospensione della circolazione.
773	c22	doc-0687	2	Ordinanza di limitazioni temporanee a circolazione e sosta.
774	c22	doc-0688	2	Ordinanza di limitazioni temporanee a circolazione e sosta.
775	c22	doc-0710	2	Ordinanza di disciplina della circolazione stradale; giudicata dal titolo.
776	c22	doc-0763	2	Ordinanza di divieti di sosta per lo spazzamento delle strade.
777	c22	doc-0892	2	Ordinanza di disciplina della circolazione in un centro abitato.
778	c22	doc-0901	2	Ordinanza di regolamentazione della circolazione per una fiera.
779	c22	doc-0913	2	Ordinanza di regolamentazione della circolazione per una manifestazione.
780	c22	doc-1007	2	Ordinanza di disciplina della circolazione per lavori su linee elettriche.
781	c22	doc-1008	2	Ordinanza di disciplina della sosta e circolazione pedonale per lavori.
782	c22	doc-1066	2	Ordinanza di sospensione della circolazione su un tratto di via.
783	c22	doc-1111	2	Ordinanza di sospensione della circolazione e divieto di sosta.
784	c22	doc-1161	2	Ordinanza di disciplina della circolazione in un centro abitato.
785	c22	doc-1184	2	Ordinanza di disciplina della circolazione in più centri abitati.
786	c22	doc-1192	2	Ordinanza di divieto di sosta e circolazione in una piazza.
787	c22	doc-1213	2	Ordinanza di proroga della disciplina della circolazione per lavori.
788	c22	doc-1237	2	Ordinanza di disciplina della circolazione per un ponteggio, con proroga.
789	c22	doc-1394	2	Ordinanza di disciplina della circolazione in un centro abitato.
790	c22	doc-1491	2	Ordinanza di senso unico alternato per lavori di manutenzione stradale.
791	c22	doc-1582	2	Ordinanza di disciplina della circolazione in un centro abitato.
792	c22	doc-2012	2	Ordinanza di disciplina della circolazione in una piazza.
793	c22	doc-2014	2	Ordinanza di disciplina della circolazione su una via.
794	c22	doc-2015	2	Ordinanza di disciplina della circolazione su una via.
795	c22	doc-2101	2	Ordinanza di limitazioni e divieti di circolazione e sosta per una festa.
796	c22	doc-2345	2	Ordinanza di modifica temporanea della circolazione per un corteo.
797	c22	doc-2895	2	Ordinanza di restringimenti di carreggiata e sensi unici alternati.
798	c22	doc-3603	2	Ordinanza di modifiche alla circolazione per lavori urgenti.
799	c22	doc-3855	2	Ordinanza di limitazione della circolazione per posa di linea elettrica.
800	c22	doc-3992	2	Ordinanza di disciplina della circolazione su una via.
801	c22	doc-3993	2	Ordinanza di disciplina della circolazione su una via.
802	c22	doc-3994	2	Ordinanza di disciplina della circolazione su una via.
803	c22	doc-4493	2	Ordinanza di disciplina della circolazione su un tratto di strada regionale.
804	c22	doc-4697	2	Ordinanza permanente di modifica della circolazione stradale.
805	c22	doc-5517	2	Ordinanza di disciplina della circolazione per una maratonina.
806	c22	doc-5753	2	Ordinanza di regolamentazione temporanea della circolazione per un'autogru.
807	c22	doc-5910	2	Ordinanza che istituisce la circolazione a rotatoria a un incrocio.
808	c22	doc-6506	2	Ordinanza di modifica della circolazione per una corsa ciclistica.
809	c22	doc-9458	2	Ordinanza di limitazioni alla circolazione per una cerimonia.
810	c22	doc-9463	2	Ordinanza di disciplina della circolazione su una via.
811	c22	doc-9464	2	Ordinanza di disciplina della circolazione su una via.
812	c22	doc-9465	2	Ordinanza di disciplina della circolazione su una via.
813	c23	doc-0038	2	liquidazione del canone al gestore della pubblica illuminazione
814	c23	doc-0061	0	bilancio partecipativo, non riguarda l'illuminazione
815	c23	doc-0079	0	interrogazione su un muro pericolante, non riguarda l'illuminazione
816	c23	doc-0098	0	impianto semaforico temporaneo, non illuminazione pubblica
817	c23	doc-0129	0	acquisto radio per la polizia locale
818	c23	doc-0150	0	ordinanza di senso unico alternato per sicurezza stradale
819	c23	doc-0205	2	liquidazione del canone al gestore della pubblica illuminazione
820	c23	doc-0226	0	piattaforma di e-procurement, non pertinente
821	c23	doc-0257	0	segnaletica per attraversamento fauna, non pertinente
822	c23	doc-0264	0	servizi PagoPA per polizia locale, non pertinente
823	c23	doc-10031	2	energia elettrica per pubblica illuminazione, insieme agli stabili comunali
824	c23	doc-1724	2	liquidazione energia elettrica per la pubblica illuminazione
825	c23	doc-1738	0	avviso ex art. 928 c.c., non riguarda l'illuminazione
826	c23	doc-1931	1	riparazione puntuale di lanterne in una sola via
827	c23	doc-2046	2	affidamento manutenzione straordinaria impianti di illuminazione pubblica
828	c23	doc-2227	1	autorizzazione al subappalto, atto accessorio ai lavori sull'impianto
829	c23	doc-2233	2	liquidazione al gestore del servizio di illuminazione pubblica
830	c23	doc-2247	2	aggiudicazione lavori di realizzazione stralcio della pubblica illuminazione
831	c23	doc-2296	2	impegno per il partenariato di gestione e riqualificazione impianti
832	c23	doc-2384	0	accompagnamento sul trasporto scolastico, non pertinente
833	c23	doc-2391	2	contabilità finale di manutenzione ed efficientamento impianti comunali
834	c23	doc-2442	1	liquidazione di interventi puntuali di manutenzione in alcune vie
835	c23	doc-2512	2	liquidazione mensile al gestore dell'illuminazione pubblica
836	c23	doc-2636	1	spostamento di un singolo corpo illuminante
837	c23	doc-3020	2	affidamento lavori di manutenzione dell'impianto di illuminazione pubblica
838	c23	doc-3171	0	illuminazione del polisportivo e di emergenza del municipio, esclusa
839	c23	doc-3921	2	impegno per la concessione del servizio di illuminazione pubblica
840	c23	doc-3922	2	liquidazione mensile della concessione di illuminazione pubblica
841	c23	doc-4245	2	acquisto materiali per sostituire corpi illuminanti guasti della rete
842	c23	doc-4520	0	pubblicazione di matrimonio
843	c23	doc-4609	0	pubblicazione di matrimonio
844	c23	doc-4744	0	pubblicazione di matrimonio
845	c23	doc-4834	0	pubblicazione di matrimonio
846	c23	doc-5105	0	pubblicazione di matrimonio
847	c23	doc-5251	2	liquidazione mensile al gestore dell'illuminazione pubblica
848	c23	doc-5255	0	pubblicazione di matrimonio
849	c23	doc-5358	0	pubblicazione di matrimonio
850	c23	doc-5411	0	pubblicazione di matrimonio
851	c23	doc-5902	0	pubblicazione di matrimonio
852	c23	doc-6001	0	consultazione sulle farmacie comunali, non pertinente
853	c23	doc-6075	0	pubblicazione di matrimonio
854	c23	doc-6612	0	pubblicazione di matrimonio
855	c23	doc-6882	0	pubblicazione di matrimonio
856	c23	doc-6888	0	pubblicazione di matrimonio
857	c23	doc-6907	2	determina a contrarre per ampliamento della pubblica illuminazione
858	c23	doc-7433	0	pubblicazione di matrimonio
859	c23	doc-7676	0	pubblicazione di matrimonio
860	c23	doc-8060	0	pubblicazione di matrimonio
861	c23	doc-8093	1	liquidazione di un lavoro puntuale di rimozione pali
862	c23	doc-8540	0	pubblicazione di matrimonio
863	c23	doc-8630	0	pubblicazione di matrimonio
864	c23	doc-8685	2	progetto esecutivo di efficientamento dell'impianto di pubblica illuminazione
865	c23	doc-8934	1	subappalto per spostamento punto luce, accessorio ad altra opera
866	c23	doc-8953	0	opposizione a decreto ingiuntivo, oggetto non legato all'illuminazione
867	c23	doc-9081	0	pubblicazione di matrimonio
868	c23	doc-9099	0	rimborso quota gita, non pertinente
869	c23	doc-9685	2	impegno per l'esercizio degli impianti di illuminazione pubblica
870	c23	doc-9715	1	tratto pilota di illuminazione dei portici, fornitura corpi illuminanti; dubbio fra 1 e 2
871	c23	doc-9953	1	nuova illuminazione in una sola via, certificato di regolare esecuzione
872	c24	doc-1815	1	accompagnamento e vigilanza durante il trasporto: servizio accessorio; dubbio con 2
873	c24	doc-1997	2	affidamento del servizio di trasporto scolastico con scuolabus
874	c24	doc-2047	1	determina a contrarre per accompagnamento sul trasporto: servizio accessorio
875	c24	doc-2204	2	impegno di spesa per il servizio di trasporto scolastico
876	c24	doc-2384	1	aggiudicazione dell'accompagnamento durante il trasporto: servizio accessorio
877	c24	doc-2496	1	servizi ausiliari al trasporto scolastico: accessorio
878	c24	doc-2497	2	adesione a convenzione per il trasporto scolastico, ordine e impegno
879	c24	doc-2515	1	autorizzazione al subappalto di una linea del trasporto; dubbio con 2
880	c24	doc-2713	2	rinnovo del servizio di trasporto scolastico
881	c24	doc-2858	1	autorizzazione all'uso dello scuolabus per l'anno scolastico; contenuto incerto
882	c24	doc-3102	0	incarico per il documento sulla sicurezza dell'appalto, non il servizio; dubbio con 1
883	c24	doc-3103	2	affidamento del servizio di trasporto scolastico
884	c24	doc-3153	1	accertamento entrate del trasporto scolastico: atto contabile
885	c24	doc-3156	1	accertamento entrate per la gestione associata del trasporto
886	c24	doc-3405	2	aggiornamento delle tariffe del trasporto scolastico
887	c24	doc-3414	2	convenzione fra comuni per il servizio di trasporto scolastico
888	c24	doc-3656	2	affidamento del servizio di trasporto scolastico
889	c24	doc-4040	1	affidamento dell'accompagnamento durante il trasporto: accessorio
890	c24	doc-4572	2	affidamento del servizio di trasporto scolastico
891	c24	doc-4588	1	affidamento di accompagnamento e vigilanza sul trasporto: accessorio
892	c24	doc-4777	1	importi da accertare per il trasporto: atto contabile
893	c24	doc-4911	1	accertamento entrate del trasporto: atto contabile
894	c24	doc-5679	1	noleggio con conducente di scuolabus: parziale secondo il bisogno; dubbio con 2
895	c24	doc-5819	2	rinnovo della convenzione associata per il trasporto scolastico
896	c24	doc-6055	2	prosecuzione del servizio di trasporto e integrazione impegno
897	c24	doc-6796	1	autorizzazione al subappalto del trasporto scolastico; dubbio con 2
898	c24	doc-7221	1	trasporto per gite del centro estivo: parziale
899	c24	doc-7431	1	accertamento entrate del trasporto: atto contabile
900	c24	doc-7584	2	trasporto scolastico degli allievi con disabilità
901	c24	doc-7848	2	bando per il servizio di trasporto scolastico
902	c24	doc-8417	2	revisione prezzi del contratto di trasporto scolastico
903	c24	doc-9238	2	revisione del corrispettivo del servizio di trasporto scolastico
904	c24	doc-9525	2	rimborso al comune che svolge il trasporto scolastico
905	c24	doc-9906	2	affidamento del trasporto scolastico di un alunno disabile
